Job Title,Company,Location,Description
Senior Python Developer,"Payne, Roberts and Davis","Stewartbury, AA","Stewartbury, AA
      

2021-04-08"
Energy engineer,Vasquez-Davidson,"Christopherville, AA","Christopherville, AA
      

2021-04-08"
Legal executive,"Jackson, Chambers and Levy","Port Ericaburgh, AA","Port Ericaburgh, AA
      

2021-04-08"
Fitness centre manager,Savage-Bradley,"East Seanview, AP","East Seanview, AP
      

2021-04-08"
Product manager,Ramirez Inc,"North Jamieview, AP","North Jamieview, AP
      

2021-04-08"
Medical technical officer,Rogers-Yates,"Davidville, AP","Davidville, AP
      

2021-04-08"
Physiological scientist,Kramer-Klein,"South Christopher, AE","South Christopher, AE
      

2021-04-08"
Textile designer,Meyers-Johnson,"Port Jonathan, AE","Port Jonathan, AE
      

2021-04-08"
Television floor manager,Hughes-Williams,"Osbornetown, AE","Osbornetown, AE
      

2021-04-08"
Waste management officer,"Jones, Williams and Villa","Scotttown, AP","Scotttown, AP
      

2021-04-08"
Software Engineer (Python),Garcia PLC,"Ericberg, AE","Ericberg, AE
      

2021-04-08"
Interpreter,Gregory and Sons,"Ramireztown, AE","Ramireztown, AE
      

2021-04-08"
Architect,"Clark, Garcia and Sosa","Figueroaview, AA","Figueroaview, AA
      

2021-04-08"
Meteorologist,Bush PLC,"Kelseystad, AA","Kelseystad, AA
      

2021-04-08"
Audiological scientist,Salazar-Meyers,"Williamsburgh, AE","Williamsburgh, AE
      

2021-04-08"
English as a second language teacher,"Parker, Murphy and Brooks","Mitchellburgh, AE","Mitchellburgh, AE
      

2021-04-08"
Surgeon,Cruz-Brown,"West Jessicabury, AA","West Jessicabury, AA
      

2021-04-08"
Equities trader,Macdonald-Ferguson,"Maloneshire, AE","Maloneshire, AE
      

2021-04-08"
Newspaper journalist,"Williams, Peterson and Rojas","Johnsonton, AA","Johnsonton, AA
      

2021-04-08"
Materials engineer,Smith and Sons,"South Davidtown, AP","South Davidtown, AP
      

2021-04-08"
Python Programmer (Entry-Level),"Moss, Duncan and Allen","Port Sara, AE","Port Sara, AE
      

2021-04-08"
Product/process development scientist,Gomez-Carroll,"Marktown, AA","Marktown, AA
      

2021-04-08"
"Scientist, research (maths)","Manning, Welch and Herring","Laurenland, AE","Laurenland, AE
      

2021-04-08"
Ecologist,"Lee, Gutierrez and Brown","Lauraton, AP","Lauraton, AP
      

2021-04-08"
Materials engineer,"Davis, Serrano and Cook","South Tammyberg, AP","South Tammyberg, AP
      

2021-04-08"
Historic buildings inspector/conservation officer,Smith LLC,"North Brandonville, AP","North Brandonville, AP
      

2021-04-08"
Data scientist,Thomas Group,"Port Robertfurt, AA","Port Robertfurt, AA
      

2021-04-08"
Psychiatrist,Silva-King,"Burnettbury, AE","Burnettbury, AE
      

2021-04-08"
Structural engineer,Pierce-Long,"Herbertside, AA","Herbertside, AA
      

2021-04-08"
Immigration officer,Walker-Simpson,"Christopherport, AP","Christopherport, AP
      

2021-04-08"
Python Programmer (Entry-Level),Cooper and Sons,"West Victor, AE","West Victor, AE
      

2021-04-08"
Neurosurgeon,"Donovan, Gonzalez and Figueroa","Port Aaron, AP","Port Aaron, AP
      

2021-04-08"
Broadcast engineer,"Morgan, Butler and Bennett","Loribury, AA","Loribury, AA
      

2021-04-08"
Make,Snyder-Lee,"Angelastad, AP","Angelastad, AP
      

2021-04-08"
"Nurse, adult",Harris PLC,"Larrytown, AE","Larrytown, AE
      

2021-04-08"
Air broker,Washington PLC,"West Colin, AP","West Colin, AP
      

2021-04-08"
"Editor, film/video","Brown, Price and Campbell","West Stephanie, AP","West Stephanie, AP
      

2021-04-08"
"Production assistant, radio",Mcgee PLC,"Laurentown, AP","Laurentown, AP
      

2021-04-08"
"Engineer, communications",Dixon Inc,"Wrightberg, AP","Wrightberg, AP
      

2021-04-08"
Sales executive,"Thompson, Sheppard and Ward","Alberttown, AE","Alberttown, AE
      

2021-04-08"
Software Developer (Python),Adams-Brewer,"Brockburgh, AE","Brockburgh, AE
      

2021-04-08"
Futures trader,Schneider-Brady,"North Jason, AE","North Jason, AE
      

2021-04-08"
Tour manager,Gonzales-Frank,"Arnoldhaven, AE","Arnoldhaven, AE
      

2021-04-08"
Cytogeneticist,Smith-Wong,"Lake Destiny, AP","Lake Destiny, AP
      

2021-04-08"
"Designer, multimedia",Pierce-Herrera,"South Timothyburgh, AP","South Timothyburgh, AP
      

2021-04-08"
Trade union research officer,"Aguilar, Rivera and Quinn","New Jimmyton, AE","New Jimmyton, AE
      

2021-04-08"
"Chemist, analytical","Lowe, Barnes and Thomas","New Lucasbury, AP","New Lucasbury, AP
      

2021-04-08"
"Programmer, multimedia","Lewis, Gonzalez and Vasquez","Port Cory, AE","Port Cory, AE
      

2021-04-08"
"Engineer, broadcasting (operations)",Taylor PLC,"Gileston, AA","Gileston, AA
      

2021-04-08"
"Teacher, primary school","Oliver, Jones and Ramirez","Cindyshire, AA","Cindyshire, AA
      

2021-04-08"
Python Developer,Rivera and Sons,"East Michaelfort, AA","East Michaelfort, AA
      

2021-04-08"
Manufacturing systems engineer,Garcia PLC,"Joybury, AE","Joybury, AE
      

2021-04-08"
"Producer, television/film/video","Johnson, Wells and Kramer","Emmatown, AE","Emmatown, AE
      

2021-04-08"
"Scientist, forensic",Gonzalez LLC,"Colehaven, AP","Colehaven, AP
      

2021-04-08"
Bonds trader,"Morgan, White and Macdonald","Port Coryton, AE","Port Coryton, AE
      

2021-04-08"
Editorial assistant,Robinson-Fitzpatrick,"Amyborough, AA","Amyborough, AA
      

2021-04-08"
Photographer,"Waters, Wilson and Hoover","Reynoldsville, AA","Reynoldsville, AA
      

2021-04-08"
Retail banker,Hill LLC,"Port Billy, AP","Port Billy, AP
      

2021-04-08"
Jewellery designer,Li-Gregory,"Adamburgh, AA","Adamburgh, AA
      

2021-04-08"
Ophthalmologist,"Fisher, Ryan and Coleman","Wilsonmouth, AA","Wilsonmouth, AA
      

2021-04-08"
"Back-End Web Developer (Python, Django)",Stewart-Alexander,"South Kimberly, AA","South Kimberly, AA
      

2021-04-08"
Licensed conveyancer,Abbott and Sons,"Benjaminland, AP","Benjaminland, AP
      

2021-04-08"
Futures trader,"Bryant, Santana and Davenport","Zacharyport, AA","Zacharyport, AA
      

2021-04-08"
Counselling psychologist,Smith PLC,"Port Devonville, AE","Port Devonville, AE
      

2021-04-08"
Insurance underwriter,Patterson-Singh,"East Thomas, AE","East Thomas, AE
      

2021-04-08"
"Engineer, automotive",Martinez-Berry,"New Jeffrey, AP","New Jeffrey, AP
      

2021-04-08"
"Producer, radio","May, Taylor and Fisher","Davidside, AA","Davidside, AA
      

2021-04-08"
Dispensing optician,"Bailey, Owen and Thompson","Jamesville, AA","Jamesville, AA
      

2021-04-08"
"Designer, fashion/clothing",Vasquez Ltd,"New Kelly, AP","New Kelly, AP
      

2021-04-08"
Chartered loss adjuster,Leblanc LLC,"Lake Antonio, AA","Lake Antonio, AA
      

2021-04-08"
"Back-End Web Developer (Python, Django)","Jackson, Ali and Mckee","New Elizabethside, AA","New Elizabethside, AA
      

2021-04-08"
Forest/woodland manager,"Blankenship, Knight and Powell","Millsbury, AE","Millsbury, AE
      

2021-04-08"
Clinical cytogeneticist,"Patton, Haynes and Jones","Lloydton, AP","Lloydton, AP
      

2021-04-08"
Print production planner,Wood Inc,"Port Jeremy, AA","Port Jeremy, AA
      

2021-04-08"
Systems developer,Collins Group,"New Elizabethtown, AA","New Elizabethtown, AA
      

2021-04-08"
Graphic designer,Flores-Nelson,"Charlesstad, AE","Charlesstad, AE
      

2021-04-08"
Writer,"Mitchell, Jones and Olson","Josephbury, AE","Josephbury, AE
      

2021-04-08"
Field seismologist,Howard Group,"Seanfurt, AA","Seanfurt, AA
      

2021-04-08"
Chief Strategy Officer,Kramer-Edwards,"Williambury, AA","Williambury, AA
      

2021-04-08"
Air cabin crew,Berry-Houston,"South Jorgeside, AP","South Jorgeside, AP
      

2021-04-08"
Python Programmer (Entry-Level),Mathews Inc,"Robertborough, AP","Robertborough, AP
      

2021-04-08"
Warden/ranger,Riley-Johnson,"South Saratown, AP","South Saratown, AP
      

2021-04-08"
Sports therapist,Spencer and Sons,"Hullview, AA","Hullview, AA
      

2021-04-08"
Arts development officer,Camacho-Sanchez,"Philipland, AP","Philipland, AP
      

2021-04-08"
Printmaker,Oliver and Sons,"North Patty, AE","North Patty, AE
      

2021-04-08"
Health and safety adviser,Eaton PLC,"North Stephen, AE","North Stephen, AE
      

2021-04-08"
Manufacturing systems engineer,Stanley-Frederick,"Stevensland, AP","Stevensland, AP
      

2021-04-08"
"Programmer, applications",Bradley LLC,"Reyesstad, AE","Reyesstad, AE
      

2021-04-08"
Medical physicist,"Parker, Goodwin and Zavala","Bellberg, AP","Bellberg, AP
      

2021-04-08"
Media planner,Kim-Miles,"North Johnland, AE","North Johnland, AE
      

2021-04-08"
Software Developer (Python),Moreno-Rodriguez,"Martinezburgh, AE","Martinezburgh, AE
      

2021-04-08"
"Surveyor, land/geomatics",Brown-Ortiz,"Joshuatown, AE","Joshuatown, AE
      

2021-04-08"
Legal executive,Hartman PLC,"West Ericstad, AA","West Ericstad, AA
      

2021-04-08"
"Librarian, academic",Brooks Inc,"Tuckertown, AE","Tuckertown, AE
      

2021-04-08"
Barrister,Washington-Castillo,"Perezton, AE","Perezton, AE
      

2021-04-08"
Museum/gallery exhibitions officer,"Nguyen, Yoder and Petty","Lake Abigail, AE","Lake Abigail, AE
      

2021-04-08"
"Radiographer, diagnostic",Holder LLC,"Jacobshire, AP","Jacobshire, AP
      

2021-04-08"
Database administrator,Yates-Ferguson,"Port Susan, AE","Port Susan, AE
      

2021-04-08"
Furniture designer,Ortega-Lawrence,"North Tiffany, AA","North Tiffany, AA
      

2021-04-08"
Ship broker,"Fuentes, Walls and Castro","Michelleville, AP","Michelleville, AP
      

2021-04-08"
